category,series,retirement_status,retirement_announcement,planned_retirement_date,modernization_guide,modernization_guide_url,source_url,retrieved_at_utc
General purpose retired sizes,D-series,Announced,03/31/25,05/01/28,Modernization guide,https://learn.microsoft.com/en-us/azure/virtual-machines/sizes/lifecycle/retirement/retired-sizes-modernization-guide,https://learn.microsoft.com/en-us/azure/virtual-machines/sizes/lifecycle/retirements-and-capacity-restrictions,2026-09-27T22:27:50Z
General purpose retired sizes,Ds-series,Announced,03/31/25,05/01/28,Modernization guide,https://learn.microsoft.com/en-us/azure/virtual-machines/sizes/lifecycle/retirement/retired-sizes-modernization-guide,https://learn.microsoft.com/en-us/azure/virtual-machines/sizes/lifecycle/retirements-and-capacity-restrictions,2026-09-27T22:27:50Z
General purpose retired sizes,Dv2-series,Announced,03/31/25,05/01/28,Modernization guide,https://learn.microsoft.com/en-us/azure/virtual-machines/sizes/lifecycle/retirement/retired-sizes-modernization-guide,https://learn.microsoft.com/en-us/azure/virtual-machines/sizes/lifecycle/retirements-and-capacity-restrictions,2026-09-27T22:27:50Z
General purpose retired sizes,Dsv2-series,Announced,03/31/25,05/01/28,Modernization guide,https://learn.microsoft.com/en-us/azure/virtual-machines/sizes/lifecycle/retirement/retired-sizes-modernization-guide,https://learn.microsoft.com/en-us/azure/virtual-machines/sizes/lifecycle/retirements-and-capacity-restrictions,2026-09-27T22:27:50Z
General purpose retired sizes,Av2/Amv2-series,Announced,10/15/25,11/15/28,Modernization guide,https://learn.microsoft.com/en-us/azure/virtual-machines/sizes/lifecycle/retirement/retired-sizes-modernization-guide,https://learn.microsoft.com/en-us/azure/virtual-machines/sizes/lifecycle/retirements-and-capacity-restrictions,2026-09-27T22:27:50Z
General purpose retired sizes,B-series (V1),Announced,10/15/25,11/15/28,Modernization guide,https://learn.microsoft.com/en-us/azure/virtual-machines/sizes/lifecycle/retirement/retired-sizes-modernization-guide,https://learn.microsoft.com/en-us/azure/virtual-machines/sizes/lifecycle/retirements-and-capacity-restrictions,2026-09-27T22:27:50Z
General purpose retired sizes,Dv3-series,Announced,,11/15/29,Modernization guide,https://learn.microsoft.com/en-us/azure/virtual-machines/sizes/lifecycle/retirement/retired-sizes-modernization-guide,https://learn.microsoft.com/en-us/azure/virtual-machines/sizes/lifecycle/retirements-and-capacity-restrictions,2026-09-27T22:27:50Z
General purpose retired sizes,Dsv3-series,Announced,,11/15/29,Modernization guide,https://learn.microsoft.com/en-us/azure/virtual-machines/sizes/lifecycle/retirement/retired-sizes-modernization-guide,https://learn.microsoft.com/en-us/azure/virtual-machines/sizes/lifecycle/retirements-and-capacity-restrictions,2026-09-27T22:27:50Z
General purpose retired sizes,DCsv2-series,Retired,-,06/30/26,DCsv2-series retirement,https://learn.microsoft.com/en-us/azure/virtual-machines/sizes/lifecycle/retirement/dcsv2-series-retirement,https://learn.microsoft.com/en-us/azure/virtual-machines/sizes/lifecycle/retirements-and-capacity-restrictions,2026-09-27T22:27:50Z
General purpose retired sizes,DCas_cc_v5/DCads_cc_v5-series,Retired,-,09/01/26,DCas_cc_v5 and DCads_cc_v5 retirement,https://learn.microsoft.com/en-us/azure/virtual-machines/sizes/lifecycle/retirement/dcccv5-series-retirement,https://learn.microsoft.com/en-us/azure/virtual-machines/sizes/lifecycle/retirements-and-capacity-restrictions,2026-09-27T22:27:50Z
General purpose retired sizes,DCsv3/DCdsv3-series,Announced,-,10/31/29,DCsv3 and DCdsv3 retirement,https://learn.microsoft.com/en-us/azure/virtual-machines/sizes/retirement/dcsv3-series-retirement,https://learn.microsoft.com/en-us/azure/virtual-machines/sizes/lifecycle/retirements-and-capacity-restrictions,2026-09-27T22:27:50Z
Compute optimized retired sizes,F-series,Announced,10/15/25,11/15/28,Modernization guide,https://learn.microsoft.com/en-us/azure/virtual-machines/sizes/lifecycle/retirement/retired-sizes-modernization-guide,https://learn.microsoft.com/en-us/azure/virtual-machines/sizes/lifecycle/retirements-and-capacity-restrictions,2026-09-27T22:27:50Z
Compute optimized retired sizes,Fs-series,Announced,10/15/25,11/15/28,Modernization guide,https://learn.microsoft.com/en-us/azure/virtual-machines/sizes/lifecycle/retirement/retired-sizes-modernization-guide,https://learn.microsoft.com/en-us/azure/virtual-machines/sizes/lifecycle/retirements-and-capacity-restrictions,2026-09-27T22:27:50Z
Compute optimized retired sizes,Fsv2-series,Announced,10/15/25,11/15/28,Modernization guide,https://learn.microsoft.com/en-us/azure/virtual-machines/sizes/lifecycle/retirement/retired-sizes-modernization-guide,https://learn.microsoft.com/en-us/azure/virtual-machines/sizes/lifecycle/retirements-and-capacity-restrictions,2026-09-27T22:27:50Z
Memory optimized retired sizes,G-series,Announced,10/15/25,11/15/28,Modernization guide,https://learn.microsoft.com/en-us/azure/virtual-machines/sizes/lifecycle/retirement/retired-sizes-modernization-guide,https://learn.microsoft.com/en-us/azure/virtual-machines/sizes/lifecycle/retirements-and-capacity-restrictions,2026-09-27T22:27:50Z
Memory optimized retired sizes,Gs-series,Announced,10/15/25,11/15/28,Modernization guide,https://learn.microsoft.com/en-us/azure/virtual-machines/sizes/lifecycle/retirement/retired-sizes-modernization-guide,https://learn.microsoft.com/en-us/azure/virtual-machines/sizes/lifecycle/retirements-and-capacity-restrictions,2026-09-27T22:27:50Z
Memory optimized retired sizes,Ev3-series,Announced,,11/15/29,Modernization guide,https://learn.microsoft.com/en-us/azure/virtual-machines/sizes/lifecycle/retirement/retired-sizes-modernization-guide,https://learn.microsoft.com/en-us/azure/virtual-machines/sizes/lifecycle/retirements-and-capacity-restrictions,2026-09-27T22:27:50Z
Memory optimized retired sizes,Esv3-series,Announced,,11/15/29,Modernization guide,https://learn.microsoft.com/en-us/azure/virtual-machines/sizes/lifecycle/retirement/retired-sizes-modernization-guide,https://learn.microsoft.com/en-us/azure/virtual-machines/sizes/lifecycle/retirements-and-capacity-restrictions,2026-09-27T22:27:50Z
Memory optimized retired sizes,Standard_M192idms_v2,Announced,03/22/2024,03/31/27,Msv2 and Mdsv2 retirement,https://learn.microsoft.com/en-us/azure/virtual-machines/sizes/lifecycle/retirement/msv2-mdsv2-retirement,https://learn.microsoft.com/en-us/azure/virtual-machines/sizes/lifecycle/retirements-and-capacity-restrictions,2026-09-27T22:27:50Z
Memory optimized retired sizes,Standard_M192ids_v2,Announced,03/22/2024,03/31/27,Msv2 and Mdsv2 retirement,https://learn.microsoft.com/en-us/azure/virtual-machines/sizes/lifecycle/retirement/msv2-mdsv2-retirement,https://learn.microsoft.com/en-us/azure/virtual-machines/sizes/lifecycle/retirements-and-capacity-restrictions,2026-09-27T22:27:50Z
Memory optimized retired sizes,Standard_M192ims_v2,Announced,03/22/2024,03/31/27,Msv2 and Mdsv2 retirement,https://learn.microsoft.com/en-us/azure/virtual-machines/sizes/lifecycle/retirement/msv2-mdsv2-retirement,https://learn.microsoft.com/en-us/azure/virtual-machines/sizes/lifecycle/retirements-and-capacity-restrictions,2026-09-27T22:27:50Z
Memory optimized retired sizes,Standard_M192is_v2,Announced,03/22/2024,03/31/27,Msv2 and Mdsv2 retirement,https://learn.microsoft.com/en-us/azure/virtual-machines/sizes/lifecycle/retirement/msv2-mdsv2-retirement,https://learn.microsoft.com/en-us/azure/virtual-machines/sizes/lifecycle/retirements-and-capacity-restrictions,2026-09-27T22:27:50Z
Memory optimized retired sizes,ECas_cc_v5/ECads_cc_v5-series,Retired,-,09/01/26,ECas_cc_v5 and ECads_cc_v5 retirement,https://learn.microsoft.com/en-us/azure/virtual-machines/sizes/lifecycle/retirement/ecccv5-series-retirement,https://learn.microsoft.com/en-us/azure/virtual-machines/sizes/lifecycle/retirements-and-capacity-restrictions,2026-09-27T22:27:50Z
Storage optimized retired sizes,Ls-series,Announced,03/31/25,05/01/28,Modernization guide,https://learn.microsoft.com/en-us/azure/virtual-machines/sizes/lifecycle/retirement/retired-sizes-modernization-guide,https://learn.microsoft.com/en-us/azure/virtual-machines/sizes/lifecycle/retirements-and-capacity-restrictions,2026-09-27T22:27:50Z
Storage optimized retired sizes,Lsv2-series,Announced,10/15/25,11/15/28,Modernization guide,https://learn.microsoft.com/en-us/azure/virtual-machines/sizes/lifecycle/retirement/retired-sizes-modernization-guide,https://learn.microsoft.com/en-us/azure/virtual-machines/sizes/lifecycle/retirements-and-capacity-restrictions,2026-09-27T22:27:50Z
GPU accelerated retired sizes,NCv3-NC24rs Series,Retired,-,09/30/25,NCv3-NC24rs-series Retirement,https://learn.microsoft.com/en-us/azure/virtual-machines/sizes/lifecycle/retirement/ncv3-nc24rs-retirement,https://learn.microsoft.com/en-us/azure/virtual-machines/sizes/lifecycle/retirements-and-capacity-restrictions,2026-09-27T22:27:50Z
GPU accelerated retired sizes,NCv3-Series,Retired,-,09/30/25,NCv3-series Retirement,https://learn.microsoft.com/en-us/azure/virtual-machines/sizes/lifecycle/retirement/ncv3-retirement,https://learn.microsoft.com/en-us/azure/virtual-machines/sizes/lifecycle/retirements-and-capacity-restrictions,2026-09-27T22:27:50Z
GPU accelerated retired sizes,NVv3-series,Announced,04/15/25,09/30/26,NVv3-series Retirement,https://learn.microsoft.com/en-us/azure/virtual-machines/sizes/lifecycle/retirement/nvv3-series-retirement,https://learn.microsoft.com/en-us/azure/virtual-machines/sizes/lifecycle/retirements-and-capacity-restrictions,2026-09-27T22:27:50Z
GPU accelerated retired sizes,NVv4-series,Announced,04/15/25,09/30/26,NVv4-series Retirement,https://learn.microsoft.com/en-us/azure/virtual-machines/sizes/lifecycle/retirement/nvv4-retirement,https://learn.microsoft.com/en-us/azure/virtual-machines/sizes/lifecycle/retirements-and-capacity-restrictions,2026-09-27T22:27:50Z
FPGA accelerated retired sizes,NP-series,Announced,04/02/2026,05/31/27,NP-series retirement,https://learn.microsoft.com/en-us/azure/virtual-machines/sizes/lifecycle/retirement/np-series-retirement,https://learn.microsoft.com/en-us/azure/virtual-machines/sizes/lifecycle/retirements-and-capacity-restrictions,2026-09-27T22:27:50Z
HPC retired sizes,HC-series,Announced,-,05/31/27,HC-series retirement,https://learn.microsoft.com/en-us/azure/virtual-machines/sizes/lifecycle/retirement/hc-series-retirement,https://learn.microsoft.com/en-us/azure/virtual-machines/sizes/lifecycle/retirements-and-capacity-restrictions,2026-09-27T22:27:50Z
HPC retired sizes,HBv2-series,Announced,-,05/31/27,HBv2-series retirement,https://learn.microsoft.com/en-us/azure/virtual-machines/sizes/lifecycle/retirement/hbv2-series-retirement,https://learn.microsoft.com/en-us/azure/virtual-machines/sizes/lifecycle/retirements-and-capacity-restrictions,2026-09-27T22:27:50Z
ADH retired sizes,"Dsv3-Type1, Dsv3-Type2, Esv3-Type1, Esv3-Type2",Retired,03/15/22,06/30/23,Dedicated Host SKU retirement,https://learn.microsoft.com/en-us/azure/virtual-machines/dedicated-hosts/sku-lifecycle,https://learn.microsoft.com/en-us/azure/virtual-machines/sizes/lifecycle/retirements-and-capacity-restrictions,2026-09-27T22:27:50Z
